<?xml version="1.0" encoding="utf-8"?>
<!--/239247/673058/2.49/20/4/Integrated Circuit/-->
<quadcept_library>
  <setting unit="mil" />
  <textstyle name="Default" height="47.244094488189" strokewidth="7.8740157480315" charwidth="47.244094488189" />
  <textstyle name="Dimension" height="19.6850393700787" strokewidth="0" charwidth="19.6850393700787" />
  <textstyle name="H127W0635TH00762" height="50" strokewidth="3" charwidth="25" />
  <textstyle name="H15W15TH02" height="59.0551181102362" strokewidth="7.8740157480315" charwidth="59.0551181102362" />
  <padstyle name="c110_h71" surface="False" plated="True" isvia="False" nopaste="True" nomask="True" complex="False" holesize="27.952755905511">
    <padshape layer="TOP" shape="round" width="43.307086614173" height="43.307086614173" />
    <padshape layer="TOP_SOLDER_MASK" shape="round" width="51.181102362204" height="51.181102362204" />
    <padshape layer="INNER" shape="round" width="43.307086614173" height="43.307086614173" />
    <padshape layer="BOTTOM" shape="round" width="43.307086614173" height="43.307086614173" />
    <padshape layer="BOTTOM_SOLDER_MASK" shape="round" width="51.181102362204" height="51.181102362204" />
  </padstyle>
  <footprint name="XB24CAPIT-001" originx="0" originy="0" pickpointx="0" pickpointy="0">
    <pcbpin number="1" name="1" style="c110_h71" originx="-433.07086614173" originy="-275.5905511811" rotation="90" />
    <pcbpin number="2" name="2" style="c110_h71" originx="-433.07086614173" originy="-354.33070866141" rotation="90" />
    <pcbpin number="3" name="3" style="c110_h71" originx="-433.07086614173" originy="-433.07086614173" rotation="90" />
    <pcbpin number="4" name="4" style="c110_h71" originx="-433.07086614173" originy="-511.81102362204" rotation="90" />
    <pcbpin number="5" name="5" style="c110_h71" originx="-433.07086614173" originy="-590.55118110236" rotation="90" />
    <pcbpin number="6" name="6" style="c110_h71" originx="-433.07086614173" originy="-669.29133858267" rotation="90" />
    <pcbpin number="7" name="7" style="c110_h71" originx="-433.07086614173" originy="-748.03149606298" rotation="90" />
    <pcbpin number="8" name="8" style="c110_h71" originx="-433.07086614173" originy="-826.7716535433" rotation="90" />
    <pcbpin number="9" name="9" style="c110_h71" originx="-433.07086614173" originy="-905.51181102361" rotation="90" />
    <pcbpin number="10" name="10" style="c110_h71" originx="-433.07086614173" originy="-984.25196850392" rotation="90" />
    <pcbpin number="11" name="11" style="c110_h71" originx="433.07086614173" originy="-984.25196850392" rotation="90" />
    <pcbpin number="12" name="12" style="c110_h71" originx="433.07086614173" originy="-905.51181102361" rotation="90" />
    <pcbpin number="13" name="13" style="c110_h71" originx="433.07086614173" originy="-826.7716535433" rotation="90" />
    <pcbpin number="14" name="14" style="c110_h71" originx="433.07086614173" originy="-748.03149606298" rotation="90" />
    <pcbpin number="15" name="15" style="c110_h71" originx="433.07086614173" originy="-669.29133858267" rotation="90" />
    <pcbpin number="16" name="16" style="c110_h71" originx="433.07086614173" originy="-590.55118110236" rotation="90" />
    <pcbpin number="17" name="17" style="c110_h71" originx="433.07086614173" originy="-511.81102362204" rotation="90" />
    <pcbpin number="18" name="18" style="c110_h71" originx="433.07086614173" originy="-433.07086614173" rotation="90" />
    <pcbpin number="19" name="19" style="c110_h71" originx="433.07086614173" originy="-354.33070866141" rotation="90" />
    <pcbpin number="20" name="20" style="c110_h71" originx="433.07086614173" originy="-275.5905511811" rotation="90" />
    <line layer="TOP_ASSEMBLY" originx="-479.92125984251" originy="-257.08661417323" endx="-479.92125984251" endy="-1087.0078740157" width="7.8740157480314" />
    <line layer="TOP_ASSEMBLY" originx="-479.92125984251" originy="-1087.0078740157" endx="479.92125984251" endy="-1087.0078740157" width="7.8740157480314" />
    <line layer="TOP_ASSEMBLY" originx="479.92125984251" originy="-1087.0078740157" endx="479.92125984251" endy="-257.08661417323" width="7.8740157480314" />
    <line layer="TOP_ASSEMBLY" originx="-137.79527559055" originy="0" endx="137.79527559055" endy="0" width="7.8740157480314" />
    <line layer="TOP_ASSEMBLY" originx="-479.92125984251" originy="-257.08661417323" endx="-137.79527559055" endy="0" width="7.8740157480314" />
    <line layer="TOP_ASSEMBLY" originx="137.79527559055" originy="0" endx="479.92125984251" endy="-257.08661417323" width="7.8740157480314" />
    <line layer="TOP_SILKSCREEN" originx="-479.92125984251" originy="-1087.0078740157" endx="-479.92125984251" endy="-257.08661417323" width="7.8740157480314" />
    <line layer="TOP_SILKSCREEN" originx="-479.92125984251" originy="-257.08661417323" endx="-137.79527559055" endy="0" width="7.8740157480314" />
    <line layer="TOP_SILKSCREEN" originx="-137.79527559055" originy="0" endx="137.79527559055" endy="0" width="7.8740157480314" />
    <line layer="TOP_SILKSCREEN" originx="137.79527559055" originy="0" endx="479.92125984251" endy="-257.08661417323" width="7.8740157480314" />
    <line layer="TOP_SILKSCREEN" originx="479.92125984251" originy="-257.08661417323" endx="479.92125984251" endy="-1087.0078740157" width="7.8740157480314" />
    <line layer="TOP_SILKSCREEN" originx="479.92125984251" originy="-1087.0078740157" endx="-479.92125984251" endy="-1087.0078740157" width="7.8740157480314" />
    <arc layer="TOP_SILKSCREEN" originx="-512.71653543306" originy="-272.20472440945" startangle="180" sweepangle="180" radius="5.2326771653543" width="7.8740157480314" />
    <arc layer="TOP_SILKSCREEN" originx="-512.71653543306" originy="-272.20472440945" startangle="180" sweepangle="-180" radius="5.2326771653543" width="7.8740157480314" />
  </footprint>
  <symbol name="XB24CZ7PIT-004" originx="0" originy="0">
    <line originx="200" originy="100" endx="2200" endy="100" width="0" />
    <line originx="2200" originy="-1000" endx="2200" endy="100" width="0" />
    <line originx="2200" originy="-1000" endx="200" endy="-1000" width="0" />
    <line originx="200" originy="100" endx="200" endy="-1000" width="0" />
    <sympin number="1" originx="200" originy="0" rotation="180" length="100" width="7.8740157480315" flipped="False">
      <text name="pinname" originx="230" originy="0" style="Default" rotation="0" justify="left" flipped="False" hidden="False" data="VCC" />
      <text name="pindes" originx="140" originy="20" style="Default" rotation="0" justify="lowerright" flipped="False" hidden="False" data="1" />
    </sympin>
    <sympin number="2" originx="200" originy="-100" rotation="180" length="100" width="7.8740157480315" flipped="False">
      <text name="pinname" originx="230" originy="-100" style="Default" rotation="0" justify="left" flipped="False" hidden="False" data="DOUT" />
      <text name="pindes" originx="140" originy="-80" style="Default" rotation="0" justify="lowerright" flipped="False" hidden="False" data="2" />
    </sympin>
    <sympin number="3" originx="200" originy="-200" rotation="180" length="100" width="7.8740157480315" flipped="False">
      <text name="pinname" originx="230" originy="-200" style="Default" rotation="0" justify="left" flipped="False" hidden="False" data="DIN/\CONFIG" />
      <text name="pindes" originx="140" originy="-180" style="Default" rotation="0" justify="lowerright" flipped="False" hidden="False" data="3" />
    </sympin>
    <sympin number="4" originx="200" originy="-300" rotation="180" length="100" width="7.8740157480315" flipped="False">
      <text name="pinname" originx="230" originy="-300" style="Default" rotation="0" justify="left" flipped="False" hidden="False" data="SPI_MISO" />
      <text name="pindes" originx="140" originy="-280" style="Default" rotation="0" justify="lowerright" flipped="False" hidden="False" data="4" />
    </sympin>
    <sympin number="5" originx="200" originy="-400" rotation="180" length="100" width="7.8740157480315" flipped="False">
      <text name="pinname" originx="230" originy="-400" style="Default" rotation="0" justify="left" flipped="False" hidden="False" data="\RESET" />
      <text name="pindes" originx="140" originy="-380" style="Default" rotation="0" justify="lowerright" flipped="False" hidden="False" data="5" />
    </sympin>
    <sympin number="6" originx="200" originy="-500" rotation="180" length="100" width="7.8740157480315" flipped="False">
      <text name="pinname" originx="230" originy="-500" style="Default" rotation="0" justify="left" flipped="False" hidden="False" data="PWM0/RSSI/PWM" />
      <text name="pindes" originx="140" originy="-480" style="Default" rotation="0" justify="lowerright" flipped="False" hidden="False" data="6" />
    </sympin>
    <sympin number="7" originx="200" originy="-600" rotation="180" length="100" width="7.8740157480315" flipped="False">
      <text name="pinname" originx="230" originy="-600" style="Default" rotation="0" justify="left" flipped="False" hidden="False" data="PWM1" />
      <text name="pindes" originx="140" originy="-580" style="Default" rotation="0" justify="lowerright" flipped="False" hidden="False" data="7" />
    </sympin>
    <sympin number="8" originx="200" originy="-700" rotation="180" length="100" width="7.8740157480315" flipped="False">
      <text name="pinname" originx="230" originy="-700" style="Default" rotation="0" justify="left" flipped="False" hidden="False" data="[RESERVED]" />
      <text name="pindes" originx="140" originy="-680" style="Default" rotation="0" justify="lowerright" flipped="False" hidden="False" data="8" />
    </sympin>
    <sympin number="9" originx="200" originy="-800" rotation="180" length="100" width="7.8740157480315" flipped="False">
      <text name="pinname" originx="230" originy="-800" style="Default" rotation="0" justify="left" flipped="False" hidden="False" data="DI8/SLEEP_RQ/\DTR" />
      <text name="pindes" originx="140" originy="-780" style="Default" rotation="0" justify="lowerright" flipped="False" hidden="False" data="9" />
    </sympin>
    <sympin number="10" originx="200" originy="-900" rotation="180" length="100" width="7.8740157480315" flipped="False">
      <text name="pinname" originx="230" originy="-900" style="Default" rotation="0" justify="left" flipped="False" hidden="False" data="GND" />
      <text name="pindes" originx="140" originy="-880" style="Default" rotation="0" justify="lowerright" flipped="False" hidden="False" data="10" />
    </sympin>
    <sympin number="11" originx="2200" originy="-900" rotation="0" length="100" width="7.8740157480315" flipped="False">
      <text name="pinname" originx="2170" originy="-900" style="Default" rotation="0" justify="right" flipped="False" hidden="False" data="DIO4/SPI_MOSI" />
      <text name="pindes" originx="2260" originy="-880" style="Default" rotation="0" justify="lowerleft" flipped="False" hidden="False" data="11" />
    </sympin>
    <sympin number="12" originx="2200" originy="-800" rotation="0" length="100" width="7.8740157480315" flipped="False">
      <text name="pinname" originx="2170" originy="-800" style="Default" rotation="0" justify="right" flipped="False" hidden="False" data="DIO7/\CTS" />
      <text name="pindes" originx="2260" originy="-780" style="Default" rotation="0" justify="lowerleft" flipped="False" hidden="False" data="12" />
    </sympin>
    <sympin number="13" originx="2200" originy="-700" rotation="0" length="100" width="7.8740157480315" flipped="False">
      <text name="pinname" originx="2170" originy="-700" style="Default" rotation="0" justify="right" flipped="False" hidden="False" data="ON/\SLEEP" />
      <text name="pindes" originx="2260" originy="-680" style="Default" rotation="0" justify="lowerleft" flipped="False" hidden="False" data="13" />
    </sympin>
    <sympin number="14" originx="2200" originy="-600" rotation="0" length="100" width="7.8740157480315" flipped="False">
      <text name="pinname" originx="2170" originy="-600" style="Default" rotation="0" justify="right" flipped="False" hidden="False" data="VREF" />
      <text name="pindes" originx="2260" originy="-580" style="Default" rotation="0" justify="lowerleft" flipped="False" hidden="False" data="14" />
    </sympin>
    <sympin number="15" originx="2200" originy="-500" rotation="0" length="100" width="7.8740157480315" flipped="False">
      <text name="pinname" originx="2170" originy="-500" style="Default" rotation="0" justify="right" flipped="False" hidden="False" data="DIO5/ASSOC" />
      <text name="pindes" originx="2260" originy="-480" style="Default" rotation="0" justify="lowerleft" flipped="False" hidden="False" data="15" />
    </sympin>
    <sympin number="16" originx="2200" originy="-400" rotation="0" length="100" width="7.8740157480315" flipped="False">
      <text name="pinname" originx="2170" originy="-400" style="Default" rotation="0" justify="right" flipped="False" hidden="False" data="DIO6/\RTS" />
      <text name="pindes" originx="2260" originy="-380" style="Default" rotation="0" justify="lowerleft" flipped="False" hidden="False" data="16" />
    </sympin>
    <sympin number="17" originx="2200" originy="-300" rotation="0" length="100" width="7.8740157480315" flipped="False">
      <text name="pinname" originx="2170" originy="-300" style="Default" rotation="0" justify="right" flipped="False" hidden="False" data="DIO3/AD3/SPI_SSEL" />
      <text name="pindes" originx="2260" originy="-280" style="Default" rotation="0" justify="lowerleft" flipped="False" hidden="False" data="17" />
    </sympin>
    <sympin number="18" originx="2200" originy="-200" rotation="0" length="100" width="7.8740157480315" flipped="False">
      <text name="pinname" originx="2170" originy="-200" style="Default" rotation="0" justify="right" flipped="False" hidden="False" data="DIO2/AD2/SPI_CLK" />
      <text name="pindes" originx="2260" originy="-180" style="Default" rotation="0" justify="lowerleft" flipped="False" hidden="False" data="18" />
    </sympin>
    <sympin number="19" originx="2200" originy="-100" rotation="0" length="100" width="7.8740157480315" flipped="False">
      <text name="pinname" originx="2170" originy="-100" style="Default" rotation="0" justify="right" flipped="False" hidden="False" data="DIO1/AD1/SPI_ATTN" />
      <text name="pindes" originx="2260" originy="-80" style="Default" rotation="0" justify="lowerleft" flipped="False" hidden="False" data="19" />
    </sympin>
    <sympin number="20" originx="2200" originy="0" rotation="0" length="100" width="7.8740157480315" flipped="False">
      <text name="pinname" originx="2170" originy="0" style="Default" rotation="0" justify="right" flipped="False" hidden="False" data="DIO0/AD0" />
      <text name="pindes" originx="2260" originy="20" style="Default" rotation="0" justify="lowerleft" flipped="False" hidden="False" data="20" />
    </sympin>
  </symbol>
  <component name="XB24CZ7PIT-004" designatorprefix="IC" height="0" footprint="XB24CAPIT-001">
    <comppin designator="1" sympin="1" pinswap="0" gateswap="0" gate="1" group="1" side="" type="Any" name="VCC" />
    <comppin designator="2" sympin="2" pinswap="0" gateswap="0" gate="1" group="1" side="" type="Any" name="DOUT" />
    <comppin designator="3" sympin="3" pinswap="0" gateswap="0" gate="1" group="1" side="" type="Any" name="DIN/|CONFIG" />
    <comppin designator="4" sympin="4" pinswap="0" gateswap="0" gate="1" group="1" side="" type="Any" name="SPI_MISO" />
    <comppin designator="5" sympin="5" pinswap="0" gateswap="0" gate="1" group="1" side="" type="Any" name="|RESET" />
    <comppin designator="6" sympin="6" pinswap="0" gateswap="0" gate="1" group="1" side="" type="Any" name="PWM0/RSSI/PWM" />
    <comppin designator="7" sympin="7" pinswap="0" gateswap="0" gate="1" group="1" side="" type="Any" name="PWM1" />
    <comppin designator="8" sympin="8" pinswap="0" gateswap="0" gate="1" group="1" side="" type="Any" name="[RESERVED]" />
    <comppin designator="9" sympin="9" pinswap="0" gateswap="0" gate="1" group="1" side="" type="Any" name="DI8/SLEEP_RQ/|DTR" />
    <comppin designator="10" sympin="10" pinswap="0" gateswap="0" gate="1" group="1" side="" type="Any" name="GND" />
    <comppin designator="11" sympin="11" pinswap="0" gateswap="0" gate="1" group="1" side="" type="Any" name="DIO4/SPI_MOSI" />
    <comppin designator="12" sympin="12" pinswap="0" gateswap="0" gate="1" group="1" side="" type="Any" name="DIO7/|CTS" />
    <comppin designator="13" sympin="13" pinswap="0" gateswap="0" gate="1" group="1" side="" type="Any" name="ON/|SLEEP" />
    <comppin designator="14" sympin="14" pinswap="0" gateswap="0" gate="1" group="1" side="" type="Any" name="VREF" />
    <comppin designator="15" sympin="15" pinswap="0" gateswap="0" gate="1" group="1" side="" type="Any" name="DIO5/ASSOC" />
    <comppin designator="16" sympin="16" pinswap="0" gateswap="0" gate="1" group="1" side="" type="Any" name="DIO6/|RTS" />
    <comppin designator="17" sympin="17" pinswap="0" gateswap="0" gate="1" group="1" side="" type="Any" name="DIO3/AD3/SPI_SSEL" />
    <comppin designator="18" sympin="18" pinswap="0" gateswap="0" gate="1" group="1" side="" type="Any" name="DIO2/AD2/SPI_CLK" />
    <comppin designator="19" sympin="19" pinswap="0" gateswap="0" gate="1" group="1" side="" type="Any" name="DIO1/AD1/SPI_ATTN" />
    <comppin designator="20" sympin="20" pinswap="0" gateswap="0" gate="1" group="1" side="" type="Any" name="DIO0/AD0" />
    <attached_symbol gate="1" name="XB24CZ7PIT-004" />
    <pinmap designator="1" footprintpin="1" />
    <pinmap designator="2" footprintpin="2" />
    <pinmap designator="3" footprintpin="3" />
    <pinmap designator="4" footprintpin="4" />
    <pinmap designator="5" footprintpin="5" />
    <pinmap designator="6" footprintpin="6" />
    <pinmap designator="7" footprintpin="7" />
    <pinmap designator="8" footprintpin="8" />
    <pinmap designator="9" footprintpin="9" />
    <pinmap designator="10" footprintpin="10" />
    <pinmap designator="11" footprintpin="11" />
    <pinmap designator="12" footprintpin="12" />
    <pinmap designator="13" footprintpin="13" />
    <pinmap designator="14" footprintpin="14" />
    <pinmap designator="15" footprintpin="15" />
    <pinmap designator="16" footprintpin="16" />
    <pinmap designator="17" footprintpin="17" />
    <pinmap designator="18" footprintpin="18" />
    <pinmap designator="19" footprintpin="19" />
    <pinmap designator="20" footprintpin="20" />
    <text name="Datasheet" originx="0" originy="0" style="Default" rotation="0" justify="" flipped="False" hidden="True" data="https://datasheet.datasheetarchive.com/originals/distributors/DKDS42/DSANUWW0043210.pdf" />
    <text name="Description" originx="0" originy="0" style="Default" rotation="0" justify="" flipped="False" hidden="True" data="Zigbee / 802.15.4 Modules XBee ZB S2C TH PCB Antenna" />
    <text name="Manufacturer_Name" originx="0" originy="0" style="Default" rotation="0" justify="" flipped="False" hidden="True" data="Digi International" />
    <text name="Manufacturer_Part_Number" originx="2250" originy="200" style="Default" rotation="0" justify="left" flipped="False" hidden="False" data="XB24CZ7PIT-004" />
    <text name="Mouser Part Number" originx="0" originy="0" style="Default" rotation="0" justify="" flipped="False" hidden="True" data="888-XB24CZ7PIT-004" />
    <text name="Mouser Price/Stock" originx="0" originy="0" style="Default" rotation="0" justify="" flipped="False" hidden="True" data="https://www.mouser.com/Search/Refine.aspx?Keyword=888-XB24CZ7PIT-004" />
    <text name="Arrow Part Number" originx="0" originy="0" style="Default" rotation="0" justify="" flipped="False" hidden="True" data="XB24CZ7PIT-004" />
    <text name="Arrow Price/Stock" originx="0" originy="0" style="Default" rotation="0" justify="" flipped="False" hidden="True" data="https://www.arrow.com/en/products/xb24cz7pit-004/digi-international" />
  </component>
</quadcept_library>
